log,window,start,end,hmlcb_perc_fit_traces,hmlcb_average_trace_fitness,hmlcb_log_fitness,hmlcb_percentage_of_fitting_traces,hmlc_perc_fit_traces,hmlc_average_trace_fitness,hmlc_log_fitness,hmlc_percentage_of_fitting_traces
daily_living,0,0,100,0.0,0.7048462648462649,0.7619047619047619,0.0,0.0,0.4324067926410099,0.42261904761904767,0.0
daily_living,1,100,200,0.0,0.517426684011039,0.5360360360360361,0.0,0.0,0.5613051234799256,0.5578512396694215,0.0
daily_living,2,200,300,0.0,0.8876258893905952,0.9098360655737705,0.0,0.0,0.7640461499285028,0.7959183673469388,0.0
daily_living,3,300,400,0.0,0.6961616161616162,0.75,0.0,0.0,0.0,0.0,0.0
daily_living,4,400,500,0.0,0.672254718505409,0.6739130434782609,0.0,0.0,0.8532427253484313,0.8554216867469879,0.0
